name,userid
Slade Singleton,100
Urielle Trevino,101
Bruno Moss,102
May Stuart,103
Emi Knowles,104
Marah Gamble,105
Marshall Kirk,106
Evelyn Owen,107
Magee Fisher,108
Josephine Hernandez,109
Dorian Parsons,110
Isaiah Meyer,111
Kadeem Patel,112
Adria Gallegos,113
Hiram Bruce,114
Gwendolyn Berg,115
Lester Fisher,116
Rashad Wilkins,117
Reed Whitney,118
Cullen Bartlett,119
Martin French,120
Zephania Freeman,121
Wilma Franklin,122
Simon Dodson,123
Blossom Whitehead,124
Jelani Castillo,125
Raphael Mcdaniel,126
Miriam Pace,127
Whitney Reese,128
Jin Mcfarland,129
Tyrone Larsen,130
Mark Lopez,131
Wilma Miller,132
Brandon Gallegos,133
Lenore Kramer,134
Tamara Guy,135
Damian Kirk,136
Geoffrey Rhodes,137
Uriah Caldwell,138
Stewart Richmond,139
Garrison Massey,140
Larissa Avery,141
Yardley Barrera,142
Riley Austin,143
Seth Hubbard,144
Mikayla Guerra,145
August Cummings,146
Wynter Manning,147
Madeline Slater,148
Phoebe Holden,149
Maxine David,150
Magee Chaney,151
April Donovan,152
Nola Harris,153
Kylynn Bell,154
Martena Foster,155
Gil Wilkinson,156
Jacqueline Slater,157
Logan Flowers,158
Ezekiel Raymond,159
Jemima Mullins,160
Darryl Stevenson,161
Claire Suarez,162
Maile Cummings,163
Uriel Stevenson,164
Evan Dillon,165
Aristotle Rollins,166
Kieran Austin,167
Penelope Jensen,168
Yoshio Coleman,169
Merrill Horne,170
Anika Sheppard,171
Catherine Hale,172
Byron Higgins,173
Shellie Carpenter,174
Melanie Bryant,175
Aretha Holmes,176
Gil Levy,177
Chaim Banks,178
Emmanuel Stark,179
Paloma Salazar,180
Amela Lowe,181
Amos Suarez,182
Norman Massey,183
Macaulay Pittman,184
Ali Harding,185
Risa Carlson,186
Julian James,187
Hayley Ward,188
Lyle Yates,189
Cheryl Alvarado,190
McKenzie Padilla,191
Troy Anderson,192
Ciaran Mullins,193
Shaeleigh Shepherd,194
Illana Bryan,195
Holmes Rice,196
Daryl Payne,197
Hammett Horne,198
Lilah Olson,199
